[
  {
    "month": "Jan", "shortlisted" : 23, "selected": 20
  },
  {
    "month": "Feb", "shortlisted" : 10, "selected": 5
  },
  {
    "month": "Mar", "shortlisted" : 4, "selected": 4
  },
  {
    "month": "Apr", "shortlisted" : 30, "selected": 14
  },
  {
    "month": "May", "shortlisted" : 5, "selected": 5
  },
  {
    "month": "Jun", "shortlisted" : 12, "selected": 2
  },
  {
    "month": "Jul", "shortlisted" : 6, "selected": 3
  },
  {
    "month": "Aug", "shortlisted" : 22, "selected": 18
  },
  {
    "month": "sept", "shortlisted" : 15, "selected": 10
  },
  {
    "month": "Oct", "shortlisted" : 10, "selected": 10
  },
  {
    "month": "Nov", "shortlisted" : 16, "selected": 4
  },
  {
    "month": "Dec", "shortlisted" : 25, "selected": 15
  }
]